name,url,is_member,promoted,price_tier,review_count,overall,food,service,ambience,value,noise,pct_recommended,neighborhood,cuisines,dining_style,dress_code,chef,tags,primary_cuisine,sanitizing,distancing,ppe,screening
Maisonetta restaurant,https://www.opentable.com/r/maisonetta-bronx?corrid=1d352372-24cf-4f63-80be-f274726fa273&avt=eyJ2IjoyLCJtIjoxLCJwIjowLCJzIjoxLCJuIjowfQ&p=1&sd=2021-07-20T20%3A20%3A00,1,0,$30 and under,10 Reviews,4.3,4.7,4.3,4.3,4.3,Moderate,50,Bronx,"French, Mexican",Casual Dining,Casual Dress,,"Bar/Lounge, Beer, Cocktails, Delivery, Full Bar, High Tea, Non-Smoking, Outdoor dining, Patio/Outdoor Dining, Takeout, Wheelchair Access, Wine",French,1,1,1,1
Mama Sushi - Bronx restaurant,https://www.opentable.com/r/mama-sushi-bronx?corrid=1d352372-24cf-4f63-80be-f274726fa273&avt=eyJ2IjoyLCJtIjoxLCJwIjowLCJzIjoxLCJuIjowfQ&p=1&sd=2021-07-20T20%3A20%3A00,1,0,$31 to $50,15 Reviews,4.6,4.5,4.6,4.7,4.2,Moderate,100,Bronx,"Sushi, Asian, Fusion / Eclectic",Casual Dining,Casual Dress,,"Banquet, Beer, Cocktails, Delivery, Full Bar, Gender Neutral Restroom, Gluten-free Menu, Late Night, Non-Smoking, Outdoor dining, Patio/Outdoor Dining, Takeout, Wheelchair Access, Wine",Sushi,1,1,1,1
Suyo Gastrofusion restaurant,https://www.opentable.com/r/suyo-gastrofusion-bronx?corrid=1d352372-24cf-4f63-80be-f274726fa273&avt=eyJ2IjoyLCJtIjoxLCJwIjowLCJzIjoxLCJuIjowfQ&p=1&sd=2021-07-20T20%3A20%3A00,1,0,$30 and under,197 Reviews,4.7,4.7,4.7,4.7,4.6,Moderate,100,Bronx,"Fusion / Eclectic, Latin American, Asian",Casual Dining,Casual Dress,,"Bar/Lounge, Beer, Cafe, Cocktails, Entertainment, Full Bar, Gender Neutral Restroom, Happy Hour, Late Night, Non-Smoking, Private Room, Takeout, Weekend Brunch, Wheelchair Access, Wine",Fusion / Eclectic,,,,
The Waterfront NYC restaurant,https://www.opentable.com/r/the-waterfront-nyc-bronx-new-york?corrid=1d352372-24cf-4f63-80be-f274726fa273&avt=eyJ2IjoyLCJtIjoxLCJwIjowLCJzIjoxLCJuIjowfQ&p=1&sd=2021-07-20T20%3A20%3A00,1,0,$31 to $50,168 Reviews,4.4,4.3,4.3,4.6,4.2,Moderate,77,Bronx,Contemporary American,Casual Elegant,Smart Casual,Jeremie Tomczak,"Banquet, Bar/Lounge, Beer, BYO Wine, Cocktails, Corkage Fee, Delivery, Entertainment, Full Bar, Non-Smoking, Outdoor dining, Patio/Outdoor Dining, Private Room, Takeout, View, Weekend Brunch, Wheelchair Access, Wine",Contemporary American,1,1,1,1
VISTAMAR restaurant,https://www.opentable.com/r/vistamar-bronx?corrid=1d352372-24cf-4f63-80be-f274726fa273&avt=eyJ2IjoyLCJtIjoxLCJwIjowLCJzIjoxLCJuIjowfQ&p=1&sd=2021-07-20T20%3A20%3A00,1,0,$31 to $50,197 Reviews,4.0,4.2,4.0,4.2,4.0,Moderate,85,Bronx,"Latin American, Seafood",Casual Dining,Casual Dress,,"Bar/Lounge, Beer, Cocktails, Delivery, Full Bar, Late Night, Non-Smoking, Outdoor dining, Patio/Outdoor Dining, Private Room, Takeout, View, Weekend Brunch, Wheelchair Access, Wine",Latin American,1,1,1,1
Enzo's of Williamsbridge restaurant,https://www.opentable.com/r/enzos-of-williamsbridge-bronx?corrid=1d352372-24cf-4f63-80be-f274726fa273&avt=eyJ2IjoyLCJtIjoxLCJwIjowLCJzIjoxLCJuIjowfQ&p=1&sd=2021-07-20T20%3A20%3A00,1,0,$30 and under,42 Reviews,4.8,4.8,4.8,4.6,4.8,Moderate,100,Bronx,Italian,Casual Dining,Business Casual,,"Beer, Cocktails, Full Bar, Gluten-free Menu, Private Room, Wine",Italian,1,1,1,1
Da' Franco & Tony's Ristorante restaurant,https://www.opentable.com/r/da-franco-and-tonys-ristorante-bronx?corrid=1d352372-24cf-4f63-80be-f274726fa273&avt=eyJ2IjoyLCJtIjoxLCJwIjowLCJzIjoxLCJuIjowfQ&p=1&sd=2021-07-20T20%3A20%3A00,1,0,$31 to $50,110 Reviews,4.8,4.8,4.9,4.7,4.6,Quiet,100,Bronx,Italian,Casual Elegant,Smart Casual,,,Italian,,,,
Roberto's Restaurant restaurant,https://www.opentable.com/robertos-restaurant-bronx?corrid=1d352372-24cf-4f63-80be-f274726fa273&avt=eyJ2IjoyLCJtIjoxLCJwIjowLCJzIjoxLCJuIjowfQ&p=1&sd=2021-07-20T20%3A20%3A00,1,0,$31 to $50,820 Reviews,4.7,4.8,4.8,4.5,4.4,Moderate,90,Bronx,"Italian, Contemporary Italian",Casual Elegant,Smart Casual,,"Bar/Lounge, Beer, Cocktails, Counter Seating, Full Bar, Non-Smoking, Private Room, Wheelchair Access, Wine",Italian,1,1,1,1
Mario's Restaurant - Arthur Ave. restaurant,https://www.opentable.com/marios-restaurant-arthur-ave?corrid=1d352372-24cf-4f63-80be-f274726fa273&avt=eyJ2IjoyLCJtIjoxLCJwIjowLCJzIjoxLCJuIjowfQ&p=1&sd=2021-07-20T20%3A20%3A00,1,0,$31 to $50,762 Reviews,4.6,4.6,4.7,4.3,4.4,Moderate,100,Bronx,Italian,Casual Elegant,Casual Dress,Massimo Celso,"Banquet, Beer, Cocktails, Corkage Fee, Full Bar, Gender Neutral Restroom, Gluten-free Menu, Non-Smoking, Outdoor dining, Patio/Outdoor Dining, Private Room, Takeout, Wheelchair Access, Wine",Italian,1,1,1,1
Audi Club Yankee Stadium restaurant,https://www.opentable.com/audi-club-yankee-stadium?corrid=1d352372-24cf-4f63-80be-f274726fa273&avt=eyJ2IjoyLCJtIjoxLCJwIjowLCJzIjoxLCJuIjowfQ&p=1&sd=2021-07-20T20%3A20%3A00,1,0,$50 and over,611 Reviews,4.5,4.4,4.5,4.6,3.8,Moderate,67,Bronx,American,Casual Dining,Smart Casual,Matt Gibson,"Bar/Lounge, Beer, Full Bar, Non-Smoking, Wine",American,,,,
NYY Steak - Yankee Stadium restaurant,https://www.opentable.com/nyy-steak-yankee-stadium?corrid=1d352372-24cf-4f63-80be-f274726fa273&avt=eyJ2IjoyLCJtIjoxLCJwIjowLCJzIjoxLCJuIjowfQ&p=1&sd=2021-07-20T20%3A20%3A00,1,0,$50 and over,1524 Reviews,4.5,4.5,4.6,4.7,4.0,Moderate,91,Bronx,"Steakhouse, American",Fine Dining,Casual Dress,,"Bar Dining, Bar/Lounge, Beer, Full Bar, Wine",Steakhouse,,,,
Icehouse Italian Waterfront Restaurant restaurant,https://www.opentable.com/r/icehouse-italian-waterfront-restaurant-new-york?corrid=1d352372-24cf-4f63-80be-f274726fa273&avt=eyJ2IjoyLCJtIjoxLCJwIjowLCJzIjoxLCJuIjowfQ&p=1&sd=2021-07-20T20%3A20%3A00,1,0,$30 and under,67 Reviews,4.1,4.1,4.1,3.8,4.3,Moderate,97,Bronx,"Italian, Seafood",Casual Dining,Casual Dress,,"Beer, Cafe, Delivery, Fireplace, Outdoor dining, Patio/Outdoor Dining, Private Room, Takeout, View, Wheelchair Access, Wine",Italian,,,,
Newly added Addeo's of the Bronx restaurant,https://www.opentable.com/r/addeos-of-the-bronx?corrid=1d352372-24cf-4f63-80be-f274726fa273&avt=eyJ2IjoyLCJtIjoxLCJwIjowLCJzIjowLCJuIjowfQ&p=1&sd=2021-07-20T20%3A20%3A00,1,0,$30 and under,No Reviews,,,,,,,,Bronx,"Italian, Pizzeria",Casual Dining,Casual Dress,,"Beer, Corkage Fee, Delivery, Gluten-free Menu, Non-Smoking, Takeout, Wheelchair Access, Wine",Italian,1,1,1,1
Shanghai Red restaurant,https://www.opentable.com/r/shanghai-red-bronx?corrid=1d352372-24cf-4f63-80be-f274726fa273&avt=eyJ2IjoyLCJtIjoxLCJwIjowLCJzIjowLCJuIjowfQ&p=1&sd=2021-07-20T20%3A20%3A00,1,0,$30 and under,73 Reviews,4.2,4.1,4.2,4.5,4.1,Moderate,83,Bronx,"Latin / Spanish, Asian, Fusion / Eclectic",Casual Dining,Casual Dress,,"Bar/Lounge, Beer, Cocktails, Delivery, Full Bar, Happy Hour, Outdoor dining, Patio/Outdoor Dining, Takeout, Wine",Latin / Spanish,1,1,1,1
Ajo & Oregano Restaurant restaurant,https://www.opentable.com/r/ajo-and-oregano-restaurant-new-york?corrid=1d352372-24cf-4f63-80be-f274726fa273&avt=eyJ2IjoyLCJtIjoxLCJwIjowLCJzIjowLCJuIjowfQ&p=1&sd=2021-07-20T20%3A20%3A00,1,0,$30 and under,2 Reviews,4.2,4.2,4.2,4.0,4.0,Moderate,100,Bronx,"Caribbean, Seafood, Steak",Casual Elegant,Smart Casual,,"Bar/Lounge, Non-Smoking, Outdoor dining, Patio/Outdoor Dining, Takeout",Caribbean,,,,
Emilia's Restaurant restaurant,https://www.opentable.com/r/emilias-restaurant-bronx-2?corrid=1d352372-24cf-4f63-80be-f274726fa273&avt=eyJ2IjoyLCJtIjoxLCJwIjowLCJzIjowLCJuIjowfQ&p=1&sd=2021-07-20T20%3A20%3A00,1,0,$30 and under,115 Reviews,4.6,4.6,4.5,4.6,4.5,Moderate,94,Bronx,Italian,Casual Dining,Casual Dress,,"Bar/Lounge, Beer, Cocktails, Full Bar, Non-Smoking, Outdoor dining, Patio/Outdoor Dining, Takeout, Wheelchair Access, Wine",Italian,,,,
Arthur Avenue Fiasco restaurant,https://www.opentable.com/r/arthur-avenue-fiasco-bronx?corrid=1d352372-24cf-4f63-80be-f274726fa273&avt=eyJ2IjoyLCJtIjoxLCJwIjowLCJzIjowLCJuIjowfQ&p=1&sd=2021-07-20T20%3A20%3A00,1,0,$30 and under,51 Reviews,4.7,4.7,4.7,4.3,4.6,Moderate,93,Bronx,Italian,Casual Dining,Casual Dress,,"Beer, Delivery, Gender Neutral Restroom, Takeout, Wheelchair Access, Wine",Italian,1,1,1,1
American Grill restaurant,https://www.opentable.com/r/american-grill-bronx-2?corrid=1d352372-24cf-4f63-80be-f274726fa273&avt=eyJ2IjoyLCJtIjoxLCJwIjowLCJzIjowLCJuIjowfQ&p=1&sd=2021-07-20T20%3A20%3A00,1,0,$31 to $50,No Reviews,,,,,,,,Bronx,"American, Dinner Cruise, Steakhouse",Casual Dining,Casual Dress,Master Chef Sevilla,"Beer, Dancing, Delivery, Late Night, Non-Smoking, Outdoor dining, Patio/Outdoor Dining, Private Room, Takeout, Wheelchair Access, Wine",American,1,1,1,1
Evo Cocktail Lounge - Bottle Service Bookings restaurant,https://www.opentable.com/r/evo-cocktail-lounge-bottle-service-bookings-brinx?corrid=1d352372-24cf-4f63-80be-f274726fa273&avt=eyJ2IjoyLCJtIjoxLCJwIjowLCJzIjowLCJuIjowfQ&p=1&sd=2021-07-20T20%3A20%3A00,1,0,$30 and under,No Reviews,,,,,,,,Bronx,Bar / Lounge / Bottle Service,Casual Dining,Business Casual,,"Beer, Cocktails, Full Bar, Wine",Bar / Lounge / Bottle Service,,,,
Evo Restaurant & Cocktail Lounge restaurant,https://www.opentable.com/r/evo-restaurant-and-cocktail-lounge-bronx?corrid=1d352372-24cf-4f63-80be-f274726fa273&avt=eyJ2IjoyLCJtIjoxLCJwIjowLCJzIjowLCJuIjowfQ&p=1&sd=2021-07-20T20%3A20%3A00,1,0,$30 and under,1 Reviews,5.0,5.0,5.0,5.0,5.0,Quiet,,Bronx,"American, Soul food, Latin / Spanish",Casual Dining,Casual Dress,,"Beer, Cocktails, Dancing, Entertainment, Full Bar, Wine",American,,,,
St Ann's Cafe restaurant,https://www.opentable.com/r/st-anns-cafe-bronx?corrid=1d352372-24cf-4f63-80be-f274726fa273&avt=eyJ2IjoyLCJtIjoxLCJwIjowLCJzIjowLCJuIjowfQ&p=1&sd=2021-07-20T20%3A20%3A00,1,0,$30 and under,No Reviews,,,,,,,,Bronx,"Latin / Spanish, Caf√©",Casual Dining,Casual Dress,,,Latin / Spanish,,,,
Fontenova Spanish & Mexican Tapas restaurant,https://www.opentable.com/r/fontenova-spanish-and-mexican-tapas-bronx?corrid=1d352372-24cf-4f63-80be-f274726fa273&avt=eyJ2IjoyLCJtIjoxLCJwIjowLCJzIjowLCJuIjowfQ&p=1&sd=2021-07-20T20%3A20%3A00,1,0,$30 and under,3 Reviews,3.4,3.4,3.4,3.8,4.0,Quiet,67,Bronx,"Tapas / Small Plates, Spanish, Mexican",Casual Dining,Casual Dress,,Takeout,Tapas / Small Plates,,,,
Yukka Latin Bistro restaurant,https://www.opentable.com/r/yukka-latin-bistro-bronx?corrid=1d352372-24cf-4f63-80be-f274726fa273&avt=eyJ2IjoyLCJtIjoxLCJwIjowLCJzIjowLCJuIjowfQ&p=1&sd=2021-07-20T20%3A20%3A00,1,0,$30 and under,15 Reviews,4.5,4.4,4.3,4.4,4.3,Moderate,88,Bronx,Latin / Spanish,Casual Dining,Casual Dress,Ricardo Cardona ,"Bar/Lounge, Beer, Cocktails, Delivery, Entertainment, Full Bar, Happy Hour, Late Night, Non-Smoking, Outdoor dining, Patio/Outdoor Dining, Takeout, View, Wheelchair Access, Wine",Latin / Spanish,,,,
Casa Del Mar - Bronx restaurant,https://www.opentable.com/r/casa-del-mar-bronx?corrid=1d352372-24cf-4f63-80be-f274726fa273&avt=eyJ2IjoyLCJtIjoxLCJwIjowLCJzIjowLCJuIjowfQ&p=1&sd=2021-07-20T20%3A20%3A00,1,0,$30 and under,36 Reviews,3.8,3.8,3.9,4.1,3.7,Moderate,74,Bronx,"Seafood, Latin / Spanish",Casual Dining,Business Casual,,"Beer, Cocktails, Dancing, Delivery, Entertainment, Full Bar, Happy Hour, Late Night, Non-Smoking, Outdoor dining, Takeout, Wheelchair Access, Wine",Seafood,1,1,1,1
iNINE Bistro restaurant,https://www.opentable.com/r/inine-bistro-bronx?corrid=1d352372-24cf-4f63-80be-f274726fa273&avt=eyJ2IjoyLCJtIjoxLCJwIjowLCJzIjowLCJuIjowfQ&p=1&sd=2021-07-20T20%3A20%3A00,1,0,$30 and under,9 Reviews,4.2,4.2,4.2,4.1,4.6,Quiet,100,Bronx,"Bistro, American, Breakfast",Casual Dining,Casual Dress,,"Bar/Lounge, Beer, Cafe, Delivery, Entertainment, Happy Hour, Non-Smoking, Takeout, Weekend Brunch, Wheelchair Access, Wine",Bistro,,,,
Mott Haven Bar & Grill restaurant,https://www.opentable.com/r/mott-haven-bar-and-grill-bronx?corrid=1d352372-24cf-4f63-80be-f274726fa273&avt=eyJ2IjoyLCJtIjoxLCJwIjowLCJzIjowLCJuIjowfQ&p=1&sd=2021-07-20T20%3A20%3A00,1,0,$30 and under,75 Reviews,4.3,4.4,4.3,4.4,4.4,Moderate,100,Bronx,"American, Bistro",Casual Dining,Casual Dress,,"Bar/Lounge, Beer, Cocktails, Delivery, Full Bar, Gender Neutral Restroom, Non-Smoking, Outdoor dining, Private Room, Takeout, Wheelchair Access, Wine",American,1,1,1,1
CASA RESTAURANT & LOUNGE restaurant,https://www.opentable.com/r/casa-restaurant-and-lounge-inc-bronx?corrid=1d352372-24cf-4f63-80be-f274726fa273&avt=eyJ2IjoyLCJtIjoxLCJwIjowLCJzIjowLCJuIjowfQ&p=1&sd=2021-07-20T20%3A20%3A00,1,0,$31 to $50,22 Reviews,3.9,4.0,4.0,4.1,3.8,Moderate,75,Bronx,"Fusion / Eclectic, Latin / Spanish, Asian",Casual Dining,Resort Casual,,"Bar/Lounge, Beer, Cocktails, Counter Seating, Dancing, Entertainment, Full Bar, Happy Hour, Late Night, Outdoor Smoking Area, Private Room, Takeout, Weekend Brunch, Wheelchair Access, Wine",Fusion / Eclectic,,,,
San Gennaro restaurant,https://www.opentable.com/r/san-gennaro-bronx?corrid=1d352372-24cf-4f63-80be-f274726fa273&avt=eyJ2IjoyLCJtIjoxLCJwIjowLCJzIjowLCJuIjowfQ&p=1&sd=2021-07-20T20%3A20%3A00,1,0,$30 and under,91 Reviews,4.2,4.4,4.5,4.3,4.4,Moderate,89,Bronx,Italian,Casual Dining,Business Casual,,"Delivery, Takeout",Italian,1,1,1,1
Patsy's Pizzeria restaurant,https://www.opentable.com/r/patsys-pizzeria-bronx?corrid=1d352372-24cf-4f63-80be-f274726fa273&avt=eyJ2IjoyLCJtIjoxLCJwIjowLCJzIjowLCJuIjowfQ&p=1&sd=2021-07-20T20%3A20%3A00,1,0,$31 to $50,3 Reviews,4.5,4.6,4.5,4.5,4.8,Moderate,100,Bronx,"Italian, Pizzeria",Casual Dining,Formal Attire,,,Italian,,,,
Red Lobster - Bronx restaurant,https://www.opentable.com/r/red-lobster-bronx?corrid=1d352372-24cf-4f63-80be-f274726fa273&avt=eyJ2IjoyLCJtIjoxLCJwIjowLCJzIjowLCJuIjowfQ&p=1&sd=2021-07-20T20%3A20%3A00,1,0,$30 and under,2 Reviews,3.0,3.2,3.0,2.7,2.7,Moderate,100,City Island,"Seafood, American, Shellfish",Casual Dining,Casual Dress,,"Bar/Lounge, Beer, Cocktails, Full Bar, Gluten-free Menu, Non-Smoking, Takeout, Wheelchair Access, Wine",Seafood,,,,
Escape Latino restaurant,https://www.opentable.com/r/di-como-restaurant-bronx?corrid=1d352372-24cf-4f63-80be-f274726fa273&avt=eyJ2IjoyLCJtIjoxLCJwIjowLCJzIjowLCJuIjowfQ&p=1&sd=2021-07-20T20%3A20%3A00,1,0,$30 and under,7 Reviews,3.9,4.0,3.9,4.0,3.9,Moderate,67,Bronx,Latin / Spanish,Casual Dining,Casual Dress,,,Latin / Spanish,,,,
Hudson Garden Grill at the New York Botanical Garden restaurant,https://www.opentable.com/hudson-garden-grill-at-the-new-york-botanical-garden?corrid=1d352372-24cf-4f63-80be-f274726fa273&avt=eyJ2IjoyLCJtIjoxLCJwIjowLCJzIjowLCJuIjowfQ&p=1&sd=2021-07-20T20%3A20%3A00,1,0,$30 and under,1982 Reviews,4.5,4.5,4.4,4.6,4.1,Moderate,96,Bronx,"Contemporary American, American",Casual Elegant,Smart Casual,,"Banquet, Beer, Cocktails, Full Bar, Gluten-free Menu, Non-Smoking, Outdoor dining, Patio/Outdoor Dining, Private Room, View, Wheelchair Access, Wine",Contemporary American,,,,
Hard Rock Cafe - Yankee Stadium restaurant,https://www.opentable.com/hard-rock-cafe-yankee-stadium?corrid=1d352372-24cf-4f63-80be-f274726fa273&avt=eyJ2IjoyLCJtIjoxLCJwIjowLCJzIjowLCJuIjowfQ&p=1&sd=2021-07-20T20%3A20%3A00,1,0,$30 and under,262 Reviews,4.2,4.1,4.2,4.1,3.8,Moderate,89,Bronx,American,Casual Dining,Casual Dress,,"Banquet, Bar/Lounge, Beer, Cafe, Cocktails, Entertainment, Full Bar, Gluten-free Menu, Happy Hour, Late Night, Non-Smoking, Outdoor dining, Outdoor Smoking Area, Patio/Outdoor Dining, Private Room, View, Weekend Brunch, Wheelchair Access, Wine",American,1,1,1,1
Jake's Steakhouse restaurant,https://www.opentable.com/r/jakes-steakhouse-bronx?corrid=1d352372-24cf-4f63-80be-f274726fa273&avt=eyJ2IjoyLCJtIjoxLCJwIjowLCJzIjowLCJuIjowfQ&p=1&sd=2021-07-20T20%3A20%3A00,1,0,$31 to $50,1363 Reviews,4.8,4.8,4.8,4.7,4.5,Moderate,98,Bronx,"Contemporary American, Steakhouse, Seafood",Casual Dining,Smart Casual,,"Banquet, Bar/Lounge, Beer, Cocktails, Corkage Fee, Entertainment, Full Bar, Gender Neutral Restroom, Non-Smoking, Takeout, View, Wheelchair Access, Wine",Contemporary American,1,1,1,1
Rosa's at Park restaurant,https://www.opentable.com/r/rosas-at-park-bronx?corrid=1d352372-24cf-4f63-80be-f274726fa273&avt=eyJ2IjoyLCJtIjoxLCJwIjowLCJzIjowLCJuIjowfQ&p=1&sd=2021-07-20T20%3A20%3A00,1,0,$30 and under,1 Reviews,5.0,5.0,5.0,5.0,5.0,would recommend it to a friend,,Bronx,Latin American,Casual Dining,Casual Dress,,"Bar/Lounge, Beer, Cocktails, Full Bar, Non-Smoking, Weekend Brunch, Wheelchair Access, Wine",Latin American,1,0,0,1
